Name	Type
Achée 	Family
Allain                       	Family
Arbour 	Family
Arcement 	Family
Arceneaux 	Family
Arosteguy 	Family
Aucoin                      	Family
Babin                         	Family
Babineaux	Family
Barrilleaux	Family
Barthélemy 	Family
Bastarache 	Family
Bélisle 	Family
Bellemère 	Family
Belliveau    	Family
Benoit                       	Family
Bergeron                	Family
Bernard                 	Family
Bertrand 	Family
Bijeau	Family
Billeray 	Family
Blanchard 	Family
Bonnevie 	Family
Boucher 	Family
Boudreaux 	Family
Bourg	Family
Bourgeois 	Family
Boutin 	Family
Brasseaux  	Family
Breaux 	Family
Broussard 	Family
Brun 	Family
Carret 	Family
Chaillou 	Family
Chiasson 	Family
Clémenceau 	Family
Clément 	Family
Clossinet 	Family
Clouâtre 	Family
Comeaux  	Family
Cormier  	Family
Corporon 	Family
Crochet 	Family
Cousin 	Family
Daigre	Family
Dantin 	Family
Darembourg 	Family
Darois 	Family
David 	Family
De Goutin 	Family
De La Forestrie 	Family
De La Maziere 	Family
Delaune 	Family
D'Entremont 	Family
Deroche 	Family
Doiron 	Family
Doucet 	Family
Dubois 	Family
Dugas 	Family
Duhon  	Family
Dumont 	Family
Duplessis 	Family
Dupuis	Family
Durel 	Family
Flan 	Family
Foret 	Family
Fouquet 	Family
Gaudet 	Family
Gaudin	Family
Gautreaux  	Family
Girouard	Family
Gousman 	Family
Granger 	Family
Gravois 	Family
Grossin 	Family
Guénard 	Family
Guérin 	Family
Guidry  	Family
Guilbeau 	Family
Guillot 	Family
Hamon 	Family
Hébert 	Family
Henry 	Family
Hugon 	Family
Jeansonne 	Family
Josset 	Family
Labauve 	Family
Lachaussee 	Family
Lafaye 	Family
La Garenne 	Family
Lagresse 	Family
Lalande	Family
Lambert 	Family
Lamoureaux 	Family
Landry 	Family
Lanoux 	Family
Latier 	Family
Lavergne 	Family
Lebert 	Family
Leblanc  	Family
Legendre 	Family
Léger 	Family
Lejeune 	Family
L'Enfant 	Family
Levron 	Family
Livois 	Family
Longuépée 	Family
Louvière 	Family
Marant 	Family
Martin 	Family
Mazerolle 	Family
Melançon 	Family
Michel 	Family
Mire 	Family
Moïse 	Family
Molaison 	Family
Mouton 	Family
Naquin	Family
Neveu	Family
Noël	Family
Olivier	Family
Orillion	Family
Ozelet	Family
Part	Family
Patry	Family
Pellerin	Family
Pinel	Family
Pitre	Family
Poirier	Family
Potier	Family
Precieux	Family
Préjean	Family
Prince	Family
Quimine	Family
Rassicot	Family
Renaud	Family
Richard	Family
Ritte	Family
Rivet	Family
Robichaux	Family
Roger	Family
Roy	Family
Savary	Family
Savoie	Family
Segoillot	Family
Semere	Family
Sonnier	Family
Surette	Family
Talbot	Family
Templet	Family
Thériot	Family
Thibodeaux	Family
Trahan	Family
Usé	Family
Villejoin	Family
Vincent	Family
Adam	Family
Arnaud 	Family
Ayo 	Family
Barthélemy 	Family
Baudoin 	Family
Bertaud	Family
Blanchet 	Family
Bonin 	Family
Borel 	Family
Brun	Family
Brunet 	Family
Abadie 	Family
Abribat 	Family
Abshire 	Family
Ackeson 	Family
Acosta 	Family
Addison 	Family
Aguillard 	Family
Aillet 	Family
Albarado 	Family
Albert 	Family
Alexandre	Family
Allemand 	Family
Almindinger 	Family
Alonzo 	Family
Altazin 	Family
Alvarez 	Family
Amman 	Family
Amy 	Family
Andre 	Family
Andrepont 	Family
Andrus 	Family
Angelle 	Family
Anselm 	Family
Arabie 	Family
Ardoin 	Family
Armand	Family
Arrieux 	Family
Ashford 	Family
Aubert 	Family
Aubin 	Family
Augé 	Family
Augeron 	Family
Autin 	Family
Avery 	Family
Aycock 	Family
Aymond 	Family
Ayraud 	Family
Badeaux 	Family
Baille 	Family
Barbay 	Family
Barbier 	Family
Barker 	Family
Barras 	Family
Barre 	Family
Barrios 	Family
Bayard 	Family
Baye 	Family
Bayhi 	Family
Beaman 	Family
Beauregard 	Family
Beauvais 	Family
Begnaud 	Family
Belanger 	Family
Bellard 	Family
Bello 	Family
Bellon 	Family
Belson 	Family
Benz 	Family
Berard 	Family
Beraud 	Family
Bercegeay 	Family
Berluchau 	Family
Berthelot 	Family
Berwick 	Family
Berzas 	Family
Beslin 	Family
Besse 	Family
Besson 	Family
Betancourt 	Family
Bienvenu 	Family
Bigot 	Family
Bihm 	Family
Biles 	Family
Billaud	Family
Billeaudeau 	Family
Billings 	Family
Bingay 	Family
Bissett	Family
Blanc 	Family
Blouin 	Family
Bodin 	Family
Bogard 	Family
Boissac 	Family
Bolot 	Family
Bonaventure 	Family
Bonham 	Family
Bonvillain 	Family
Boone 	Family
Boote 	Family
Bordelon 	Family
Borne 	Family
Bossier 	Family
Bouanchaud 	Family
Boudeloche 	Family
Bougere 	Family
Bouillon	Family
Boulee 	Family
Boulet 	Family
Bourdier 	Family
Bouret 	Family
Boutté 	Family
Bouvier 	Family
Boyer 	Family
Bracken	Family
Brignac 	Family
Brosier 	Family
Bruno 	Family
Budd 	Family
Bundick 	Family
Buquoi 	Family
Burleigh 	Family
Bushnell 	Family
Butaud 	Family
Cadiere 	Family
Caillier 	Family
Caillouet 	Family
Calais 	Family
Calligan	Family
Cambre 	Family
Champagne 	Family
Chauvin 	Family
Chenet 	Family
Cousin 	Family
Duplessis 	Family
Dupont 	Family
Durand	Family
Durel 	Family
Duval 	Family
Ferret 	Family
Fontaine 	Family
Campos 	Family
Cancienne 	Family
Cantrelle 	Family
Capdeville 	Family
Carlin 	Family
Carmouche 	Family
Carriere 	Family
Cart 	Family
Caruthers	Family
Castille 	Family
Castro 	Family
Cedotal 	Family
Chachere 	Family
Chaix 	Family
Chapoton 	Family
Charlet 	Family
Charpentier 	Family
Charpiot 	Family
Charrier 	Family
Chauffe 	Family
Chemin 	Family
Chenevert 	Family
Cheramie 	Family
Chevet 	Family
Chiquet 	Family
Choate 	Family
Chretien 	Family
Chutz 	Family
Clause 	Family
Clavel 	Family
Cointment 	Family
Comardelle 	Family
Comes 	Family
Comstock 	Family
Constant 	Family
Constantin 	Family
Constantino 	Family
Corey 	Family
Corkran 	Family
Coulon 	Family
Courcier 	Family
Couret 	Family
Courtade 	Family
Courtin 	Family
Courville 	Family
Coutee 	Family
Couvillion 	Family
Creighton 	Family
Cuvellier 	Family
Damon 	Family
Danos 	Family
Darbonne 	Family
Darby 	Family
Darce 	Family
Dardeau 	Family
Darden 	Family
Dartez 	Family
Daspit 	Family
Daunis 	Family
Dauterive 	Family
Dautreuil 	Family
Deberge 	Family
De Blanc 	Family
De Clouet 	Family
Decotteau 	Family
Decoux 	Family
Decuir 	Family
Degeyter 	Family
Dejean 	Family
Delacroix 	Family
Delafosse 	Family
Delahaye 	Family
Delahoussaye 	Family
Delatte 	Family
Delcambre 	Family
Delhomme 	Family
Demarest	Family
Demond 	Family
Derichebourg 	Family
Derise 	Family
Derouen 	Family
Derouselle 	Family
Deshotels 	Family
Desnoyer 	Family
Desormeaux 	Family
Devalcourt 	Family
Devenport 	Family
De Ville 	Family
Devillier 	Family
Dicharry 	Family
Dodd 	Family
Domengeaux 	Family
Domingue	Family
Doré 	Family
Dronet 	Family
Dubuisson 	Family
Duchamp 	Family
Ducharme 	Family
Duco 	Family
Duet 	Family
Duffel 	Family
Dufour 	Family
Dufrene 	Family
Dugan 	Family
Dugon 	Family
Dugue 	Family
Dumesnil 	Family
Duplantis 	Family
Duplechin 	Family
Dupré 	Family
Duralde 	Family
Durio 	Family
Eastin 	Family
Edmond 	Family
Edmonston 	Family
Ellender 	Family
Enete 	Family
Engeron 	Family
Estilette 	Family
Exnicios 	Family
Gauthier 	Family
Guénard 	Family
Guérin 	Family
Hardy 	Family
Herpin 	Family
Labat 	Family
Lacombe 	Family
Lacroix 	Family
Lafaye 	Family
Laforest 	Family
Eyraud 	Family
Fabre	Family
Fait 	Family
Falcon 	Family
Falgout 	Family
Faucheux 	Family
Faulk 	Family
Favron 	Family
Feray 	Family
Ferbos 	Family
Fermin 	Family
Field 	Family
Fisette 	Family
Folse 	Family
Fontenette 	Family
Fontenot 	Family
Forestier 	Family
Forman 	Family
Fournet 	Family
Franchebois 	Family
Francioni 	Family
Frederick 	Family
Fremin 	Family
Freoux	Family
Fruge 	Family
Fuselier 	Family
Gachet 	Family
Gale 	Family
Gallien 	Family
Garcia 	Family
Garidel 	Family
Gary 	Family
Gaspard 	Family
Gassie 	Family
Gerard	Family
Gillard 	Family
Gimbert 	Family
Gisclard 	Family
Gomez 	Family
Gondran 	Family
Gonsoulin 	Family
Goudeau 	Family
Gourdain 	Family
Gourrier 	Family
Goyett 	Family
Grabert 	Family
Grabot 	Family
Grandin 	Family
Grandpré 	Family
Granier 	Family
Gregoire 	Family
Gremillion 	Family
Gros 	Family
Guchereau 	Family
Guidroz 	Family
Guilbert 	Family
Guillory 	Family
Guitteaux 	Family
Hamilton 	Family
Hanke  	Family
Hargrave 	Family
Hathorn 	Family
Haydel 	Family
Henriques 	Family
Hernandez 	Family
Himel	Family
Hollier 	Family
Hotard 	Family
Hulin 	Family
Hulot 	Family
Huval 	Family
Istre 	Family
Janise 	Family
Jaret 	Family
Jean 	Family
Jeandron 	Family
Jeannot 	Family
Jeffries 	Family
Johnson 	Family
Jolet 	Family
Jolibois 	Family
Joly 	Family
Joubert 	Family
Judice 	Family
Juneau 	Family
Kern 	Family
Kerry 	Family
Kidder 	Family
Kilchrist 	Family
Kleinpeter 	Family
Kling 	Family
Knobloch 	Family
Knott	Family
Labarthe 	Family
Labbé 	Family
Labit 	Family
Laborde 	Family
Lacase 	Family
Lacour 	Family
Lafiton 	Family
Lafleur 	Family
Lafranche 	Family
Lagarde 	Family
Lahaye 	Family
Laine 	Family
Lambremont 	Family
Lamothe 	Family
Lanclos 	Family
Lancon 	Family
Landreaux 	Family
Landreneau 	Family
Langlinais 	Family
Lanoix 	Family
Lapeyrouse 	Family
Lapointe 	Family
Larose 	Family
Lasalle 	Family
Lasseigne 	Family
Lastrapes 	Family
Latiolais 	Family
Lagrange 	Family
Langlois 	Family
Latour 	Family
Lavergne 	Family
Lemaire 	Family
Mallet 	Family
Marchand 	Family
Marquis 	Family
Maurin	Family
Ménard 	Family
Noël 	Family
Lauve 	Family
Laviolette 	Family
Lebeau 	Family
Lebleu 	Family
Le Boeuf 	Family
Lecompte 	Family
Lecoq 	Family
Ledet 	Family
Ledoux 	Family
Lefere 	Family
Legnon 	Family
Leleux 	Family
Le Mane 	Family
Lemaitre 	Family
Lemoine 	Family
Leonard 	Family
Leray 	Family
Leriche 	Family
Lesage 	Family
Lessard 	Family
Lévêque 	Family
Levert 	Family
Lion	Family
Lirette 	Family
Lopez 	Family
Loret 	Family
Lormand 	Family
Louaillier 	Family
Loupe 	Family
Loyer 	Family
Loze 	Family
Luc 	Family
Mabile 	Family
Mahier 	Family
Maitre 	Family
Malbrough 	Family
Manger 	Family
Manuel 	Family
Marcantel 	Family
Marceaux 	Family
Marcel 	Family
Marin 	Family
Marks 	Family
Marrionneaux 	Family
Mars 	Family
Marson 	Family
Martinez 	Family
Matherne 	Family
Mathias 	Family
Matte 	Family
Maurice 	Family
Maxent 	Family
Mayard 	Family
Mayer 	Family
Mayeux 	Family
Mcbride 	Family
Mccaulay 	Family
Mccrory 	Family
Mcgee 	Family
Meaux 	Family
Meche 	Family
Mendoza 	Family
Migott 	Family
Miguez 	Family
Miller 	Family
Minvielle 	Family
Mollere 	Family
Monté	Family
Montero 	Family
Moreau 	Family
Moreno 	Family
Mornhinveg 	Family
Morvant 	Family
Mouille 	Family
Moulard 	Family
Munson 	Family
Navarre 	Family
Nee 	Family
Neraut 	Family
Newchurch 	Family
Nezat 	Family
Normand 	Family
Nunez 	Family
Oldham 	Family
Olinde 	Family
Oncale 	Family
Orcutt 	Family
Ordogne 	Family
Ordoneaux 	Family
Ortego 	Family
Ory 	Family
Oubre 	Family
Panvil 	Family
Paquette 	Family
Parent 	Family
Patin 	Family
Peck 	Family
Pecot 	Family
Pelegrin 	Family
Pelletier	Family
Peloquin 	Family
Penisson 	Family
Penn 	Family
Periou 	Family
Perrault 	Family
Perret 	Family
Perrin 	Family
Perrodin 	Family
Perry 	Family
Pertuit 	Family
Picard 	Family
Pichoff 	Family
Plaisance 	Family
Poché	Family
Pomier 	Family
Pontiff 	Family
Pourciau 	Family
Poursine 	Family
Prather 	Family
Prevost	Family
Pellerin	Family
Petit	Family
Picou	Family
Renaud	Family
Robin	Family
Rodrigue	Family
Rousseau	Family
Simon	Family
St. Germain	Family
Thibeaux	Family
Vigé	Family
Prewett	Family
Primeaux	Family
Pringle	Family
Prosper	Family
Prudhomme	Family
Pujol	Family
Pulaski	Family
Quebedeaux	Family
Quintero	Family
Racca	Family
Rachal	Family
Ramouin	Family
Raffray	Family
Raulin	Family
Rayon	Family
Reaux	Family
Reed	Family
Reine	Family
Rentrop	Family
Riche	Family
Rider	Family
Ringuet	Family
Rivas	Family
Rivero	Family
Riviere	Family
Robeau	Family
Robert	Family
Roche	Family
Roddy	Family
Rodrigues	Family
Romagosa	Family
Romain	Family
Roman	Family
Rome	Family
Romero	Family
Rossi	Family
Roth	Family
Rougeau	Family
Rouillet	Family
Roussel	Family
Roustan	Family
Royer	Family
Rybiski	Family
Saizan	Family
Sanchez	Family
Sandoz	Family
Sarvant	Family
Saucier	Family
Schexnayder	Family
Schlatre	Family
Seely	Family
Seghers	Family
Seguin	Family
Segura	Family
Sellers	Family
Senette	Family
Serre	Family
Serrette	Family
Sevin	Family
Shaffer	Family
Sicard	Family
Silvy	Family
Simar	Family
Simoneaux	Family
Smith	Family
Soileau 	Family
St. Amant	Family
St. Cyr	Family
St. Julien	Family
St. Martin	Family
St. Pierre	Family
Stansberry	Family
Stelly  	Family
Stephen	Family
Stille	Family
Stoufle	Family
Suarez	Family
Suire	Family
Sutter	Family
Sylvestre	Family
Tabor	Family
Tassin	Family
Tate	Family
Tauzin	Family
Taylor	Family
Terrebonne	Family
Tertron	Family
Tircuit	Family
Toffier	Family
Touchet	Family
Toups	Family
Tregle	Family
Triche	Family
Trimble	Family
Trosclair	Family
Truxillo	Family
Tuillier	Family
Vallot	Family
Valois	Family
Vannoy	Family
Vasseur	Family
Vavasseur	Family
Venable	Family
Verret	Family
Viator	Family
Vicknair	Family
Vidrine	Family
Vignes	Family
Villaneuva	Family
Vives	Family
Voisin	Family
Voorhies	Family
Waguespack	Family
Webre	Family
Wiltz	Family
Wyble	Family
Young	Family
Zeringue	Family
Zimmerman	Family
